,id,drama_title,cast_list,synopsis
0,34,"西村京太郎の
        トラベルミステリースペシャル
        「妻を誘拐された亀井刑事が連続殺人犯に津軽陸中殺人ルート」",,"その日、警視庁捜査一課の亀井刑事（愛川欽也）は姪の結婚式に出席するため、早朝の東北新幹線に乗り込んだ。行き先は彼の郷里の青森で、盛岡から東北本線に乗り継ぐことになる。

      　終着盛岡まで十数分のところで、亀井は見知らぬ男（伊藤俊人）に声を掛けられる。自分と一緒にこれから津軽、陸中海岸に2泊３日の旅行をしてもらいたいというのだ。この唐突な申し出に亀井は腹を立てるが、男は自宅に電話してみろという。自宅は妻の公子（二木てるみ）が一人で留守を預かっているはずだった。だが、電話に出たのは、これまた知らない男で、我々の言うことを聞かないと奥さんの命はないと脅迫する。眼前の男は、１時間以内に、私が連絡をしなければ、仲間が奥さんを殺すことになっていると、平然と告げるのだった。

      　その頃、十津川警部（高橋英樹）は警視庁内で珍しい男と顔を合わせていた。かつては亀井とコンビを組んでいた佐山清（根津甚八）で、今は城西署の副署長になっていた。佐山は会議のため本庁に来たという。佐山は、亀井が休暇を取っていると聞き、残念そうな様子だった。

      　９時過ぎに捜査一課の電話が鳴った。亀井の親戚からで、盛岡駅で待ち合わせていたが会えなかったというのだ。北條刑事（山村紅葉）が亀井の自宅に電話を入れても誰も出ない。不審に思った十津川は、西本刑事（森本レオ）とともに、亀井の自宅に急行する。自宅は荒らされていて、公子の姿はない。

      　昼過ぎに、捜査一課に亀井の姉から連絡が入った。亀井が、大事件が持ち上がったので、結婚式には出られないと伝えて来たというのだ。姉の話では、その電話の中で、青森駅のアナウンスが聞こえたという。亀井の妻が誘拐され、それを盾に亀井は脅迫されていると十津川たちは結論づけた。

      　一体誰が亀井を脅迫しているのか。過去亀井が逮捕し、刑務所に送った人物の洗い出しが行なわれた。そしてその結果、二人の人物が浮かび上がって来た。その二人とは、９年前に銀座の宝石店を襲った原と水島だった。二人は12億円相当の宝石を奪うと、宝石店社長の高木（鶴田忍）に銃弾を浴びせて逃走、一週間後に亀井が二人のアジトを割り出し、亀井と佐山が逮捕したのだった。だが、二人は逮捕された時、宝石は持っていなかった。逃走中に落としたと頑強に主張し、結局、見つからないまま二人は刑を終えていた。

      　この二人が、二日前から姿を消していること、さらに水島の郷里が青森県金木だと判明し、捜査一課は色めきたつ。

      　その頃亀井は、見知らぬ男と青森県五所川原のホテルにいた。そして、男に睡眠薬を飲まされ、意識を失ってしまう。

      　翌朝、金木で男の他殺体が発見された。殺されたのは、水島で、側に亀井の警察手帳が落ちていた。また遺体のポケットには値札の付いたネックレス2本が入っていたのだった。　

      　青森県警からの連絡で、十津川はこの事実を知った。亀井の手帳には、原と水島、そして石渡久男（有薗芳記）という人物の住所が書かれてあったという。県警は明らかに亀井を疑っていた。

      　西本が住所を頼りに石渡なる人物を訪ねた。石渡は貴金属商で、西本に意外なことを語った。数日前に亀井が店を訪れ、10億以上する宝石を持っているのだが買ってくれないかと持ち掛けてきたというのだ。その証拠にと、石渡は亀井が置いていったというルビーを差し出し、さらに西本が示した数葉の写真の中からためらいもせず亀井を指差したのだった。高木社長に確認したところ、そのルビーは、９年前に盗まれたものだった。

      　その夜、亀井と男は岩手県の宮古のホテルに移動していた。そして夜更け、男が亀井の前から姿を消した。亀井は慌ててあとを追うが見失ってしまう。ホテルに引き返し十津川に連絡を取ろうとした時、亀井は警官に逮捕されてしまう。男がホテルのフロントにメモを残していて、それには、連れは悪徳警官で、殺人の共犯にされそうです、110してくださいと書かれてあったのだ。

      　翌朝、浄土ヶ浜で原の死体が発見された。原の死体は亀井の名刺を握り締めていた。さらに原のポケットからも値札のついた貴金属が発見されたのだ。

      　岩手県警は、原と水島が金木に隠した宝石を取りに戻ったところを亀井が殺害、宝石を横取りしたと判断し、亀井を逮捕する。

      　その頃東京では、公子が監禁先から解放され、十津川たちの事情聴取を受けていた。"
1,35,「西村京太郎トラベルミステリー　宗谷本線殺人事件」,,"警視庁の亀井刑事（愛川欽也）は、犯人護送のため極寒の地、北海道の稚内へとやって来た。そして無事任務を終えた帰途、亀井は南稚内駅の待合室で、ノートパソコンに何やら熱心に打ち込んでいる初老の旅行客（石田太郎）を見かけ、気軽に声を掛ける。だが男は、亀井を無視して答えようとはしない。

      そんな中、旭川行きの『スーパー宗谷２号』が入線し、亀井は列車に乗り込んだ。
      やがて、列車が美深駅の手前に差し掛ったころ、最前の男が、ふらふらと亀井の前に現れ、一枚のフロッピーディスクを差し出すや、その場に崩れるように倒れてしまったのだ。周囲が騒然となる中、亀井は、サングラス姿の女が凝視しているのに気づく。だが、女は声を掛ける間もなく、到着した美深駅のホームに降り、そのまま去っていってしまったのだった。

      男はすぐさま病院に運ばれたが、すでに絶命していた。免許証から、男の身元が割れた。東京に住む平野康生という人物だった。病院側の調べで、平野は青酸性の毒物による中毒死と判明した。

      この事件の捜査本部は名寄中央署に置かれることになり、亀井も事情説明のため署に赴いた。中央署の佐々木刑事（中原丈雄）が、亀井から渡されたフロッピーを開いたところ、画面上に『宗谷本線殺人事件についての疑問　平野康生』の文字が現れた。佐々木によると、それは２年前に起こった事件で自分が担当したという。

      ２年前の12月、深夜３時ごろに音威子府駅に停車中の下り特急　『利尻』から雪のホームに飛び降りた中山裕子（松谷由紀子）という女性が、あとから追ってきた婚約者の高田健（池内万作）に背中を刺されて死亡した。高田はそのまま列車に乗って逃走をはかったが、たまたま奥さんを迎えるため駅に来ていた男性が事件を目撃し、警察に通報したため、高田は次の駅で乗り込んだ警察官に逮捕されたというものだった。高田は裁判で無罪を主張し、凶器のナイフも見つからなかったが、同じ車内に乗り合わせた乗客が、二人は激しく口論をしていたという証言もあって、10年の実刑判決を受け、今は網走刑務所に服役中だという。　

      佐々木から事情を聞いているうちに、亀井は、自分もこの事件に関わりがあったことを思い出していた。殺された裕子と高田はともに、東京の中堅商社『小川物産』に勤務していたことから、警視庁に身元照会があり、それを亀井が担当したのだ。

      当時、亀井が二人の上司にあたる管理部長の小川（小木茂光）から事情聴取をしたところ、高田は３ヵ月ほど前に酔った挙げ句に喧嘩をして新聞沙汰になり、クビになったというのだ。

      佐々木によると、その後、高田は友人と会社を始めたがうまくゆかず、恋人の裕子に２千万円の借金を申し込んだという。裕子の実家は南稚内の旅館で、彼女は両親に金を借りようとしたが果たせず、帰路の車内でそのことに関し、口論になったらしい。

      平野のフロッピーには、この事件を自ら調べた経過が記されていた。それによると、彼は、何か事件の決定的なヒントを掴み、それを確かめるべく事件の唯一の目撃者である青木均という男性を訪ねようとしていたらしい。佐々木の話では、青木は事件当時、音威子府駅構内で立ち食いそば屋を開いていたが、今は名寄で喫茶店を経営しているという。

      やがて、亀井のもとに、平野の身元調査を依頼した東京の十津川警部（高橋英樹）から電話が入った。平野は島根県松江の高校の教師だったのだが、１年前に突然学校を辞めて上京したというのだ。彼が勤めていたのは、高田の母校だった。どうやら高田は平野の教え子で、彼の無実を信じた平野は独自に調査を始めたところを何者かに殺されたらしい。

      亀井は、この事件の行方を見届けたかったが、管轄が北海道ではそうもいかず、後ろ髪を引かれる思いで帰京した。

      そんな亀井を待っていたかのように殺人事件が発生した。深夜の公園で、荒井（新井康弘）という私立探偵の刺殺体が発見されたのだ。そして荒井の背広のポケットから出てきた写真を見て、亀井は思わず声を上げる。そこに写っていたのは、美深で見かけたサングラスの女だったのだ。"
2,38,"土曜ワイド劇場
                                                                            25周年記念スペシャル
                                                                            西村京太郎トラベルミステリー
                                                                            「オリエント急行殺人事件」",,"金融会社を経営する資産家の五十嵐恭（伊武雅刀）が、自宅マンションで死体で発見された。警視庁捜査一課の十津川警部（高橋英樹）は、亀井刑事（愛川欽也）らと現場に急行する。
                　テーブルの上にワイングラスが置かれてあったが、指紋はきれいに拭き取られていた。五十嵐の死因は薬物中毒によるもので、青酸カリが入ったワインを飲まされたらしい。
                　五十嵐は独身で、3人の愛人がいた。モデルの藤原さつき（斎藤陽子）、クラブのママ、早見友美（杉山彩子）、タレントの木下知恵（来栖あつこ）で、五十嵐は愛人以外は自宅に入れなかったことから、五十嵐殺害の犯人はこの3人の中にいると思われた。
                　亀井と西本刑事（森本レオ）が3人から事情を聞くが、それぞれが、五十嵐を殺したのは他の2人のうちのどちらかではないかと言い募る。
                　そんな中、さつきが仕事をキャンセルして突然ローマに飛び立とうとしていることがわかった。旅行会社の話では、ローマ〜ベネツィア間を走る豪華列車『オリエント急行』を予約しているという。
                　十津川は、亀井に留守を頼むと、西本とともにさつきを追ってローマに飛んだ。
                　ローマ市内でさつきを尾行していた西本は、かつてある事件で顔見知りとなった弁護士の結城彩子（池上季実子）と出会う。彩子も仕事でこの地を訪れているという。亀井も彩子とは面識があり、日ごろから正義感あふれる彼女の仕事ぶりを高く評価していた。西本は、彩子を十津川に紹介すると、再会を約して彼女と別れた。
                　十津川と西本はローマ郊外のオスティエセ駅で、協力を要請しておいたインターポールの工藤（船越英一郎）と合流し、さつきを追って『オリエント急行』に乗り込んだ。
                　その直前、十津川が東京の亀井のもとに電話を入れたところ、知美も知恵も何ら変わった様子はないという。友美は店が終わってからタクシーで自宅に帰り、その後一歩も外に出ておらず、知恵もドラマの撮影に入っているという。
                乗車した十津川たちは、さつきの入ったキャビンを見張るが、彼女は出てくる気配はない。そんな中、十津川たちは、車内で暗い顔つきの日本人青年（黒田勇樹）に出会う。
                『オリエント急行』は、翌日、定刻通り終点ベネツィアのサンタ・ルチア駅に到着、乗客は下車した。ところが、一つだけ乗客が出てこないキャビンがあり、乗務員がドアを開けたところ着物姿の女性が倒れていたのだ。その女性は、東京にいるはずの友美で、首をタオルで絞められ絶命していた。
                さっそく東京に連絡を取ったところ、友美の部屋にいたのは彼女の店のホステス、山根典子（野田よし子）だった。典子が亀井に語ったところによると、友美に身代わりを頼まれたというのだ。
                　十津川は、殺された五十嵐の愛人2人が同じ列車に乗っていたのは偶然であるはずはないと確信していた。これは、五十嵐の膨大な遺産を巡るトラブルなのか？　だが、単なる愛人には遺産相続の権利はない。さらに、さつきは一歩もキャビンから出なかったことは、見張っていた自分たちが一番よく知っている。では、友美は、誰に何のために殺されたのか？　十津川にも真相は見えてこない。"
3,42,西村京太郎トラベルミステリー 「北帰行殺人事件」,,"警視庁捜査一課に配属になったばかりの橋本刑事（賀集利樹）が、家庭の事情で突然辞表を提出し、郷里の北海道・知床に戻ることになった。
　その夜、上野駅に転勤する友人を見送りに行った西本刑事（森本レオ）は、亀井刑事（愛川欽也）の妻・公子（二木てるみ）に出会う。公子は、十津川警部（高橋英樹）の妻・直子（浅野ゆう子）と北海道旅行を楽しむため札幌行きの豪華寝台特急『カシオペア』に乗るところだという。
　公子と別れた直後、西本は人ごみの中に橋本の姿を認める。橋本も『カシオペア』に乗るらしい。橋本から翌日の飛行機で北海道へ向かうと聞かされていた西本は、なぜ彼がウソをついたのか疑問を持つ。
　翌日、札幌郊外で佐々木学（戸崎二郎）という東京の会社員の他殺体が発見される。佐々木は全裸でロープで後ろ手に縛られたままナイフで刺殺されており、なぜかその唇には口紅が塗られていた。
　一週間ほど前にも、やはり金子（伊藤顕弘）という東京に住む若者が青森で同じような手口で殺害されており、同一犯の仕業と推察された。
　道警からの依頼で捜査を始めた亀井たちは、佐々木が半月ほど前に女性問題を起こして恋人から婚約を解消されていたことを知る。その問題とは、古川みどり（奈須綾香）という女性を集団でレイプしみどりがそれを苦に自殺したというものだった。さらに、みどりの恋人が橋本だったことも判明する。
　また、金子と佐々木の唇に塗られていた口紅は、普段みどりが使っていたものと同じ製品だとわかる。金子が殺された時、橋本は休暇を取っていたことが判明、橋本がみどりの復讐のため二人を殺した可能性が出てくる。十津川と西本は、橋本の行方を追って北海道に飛ぶ。
　そのころ、公子と直子は『カシオペア』に乗り合わせていた会社社長・和田（寺泉憲）と札幌のホテルで再び顔を合わせ、ホテルのバーで歓談のひと時を過ごしていた。
　やがて、みどりをレイプした連中の素姓が判明する。殺された金子佐々木のほか、女を食い物にして生きている市川（外川貴博）、大学生の柴田（中野雅史）、そして仲間から“社長”と呼ばれている君島（滝直希）の五人が実行犯だった。
　そこで亀井は、喫茶店を経営している君島の母親・圭子（坂口良子）に会いに行く。圭子によると、君島は沖縄に旅行中だということだったが…。"
4,43,「愛と殺意の津軽三味線」,,"京王線つつじヶ丘駅近くの小公園で、頭を鈍器で殴られた男の死体が発見され、警視庁捜査一課の十津川警部（高橋英樹）、亀井刑事（愛川欽也）らが現場に急行する。
被害者は、所持品から近所のマンションに住む三田誠次（木村方則）という独身のサラリーマンと判明、財布などが残されていたことから怨恨ではないかと推測された。だが、交友関係を洗っても、被害者に恨みを持つような者の存在は浮かび上がってこない。
　検視の結果、犯行時刻は深夜１１時半前後とわかり、近くの受験生から、その時刻に津軽三味線の音を聞いたという証言を得る。
　数日後、板橋区内の駐車場で、やはり頭を鈍器で殴られたＯＬ・沢田操（増田未亜）の死体が発見される。そして、犯行時刻に津軽三味線の音を聞いたという証言を得たのだった。
　この二つの事件は、同一犯の可能性が高いとマスコミでも大きく取り上げられ、亀井たちも三田と操の関係を重点に捜査を始める。だが、二人の間にはまったく接点が見つからない。さらに津軽三味線と二人の繋がりも見えてこない。
　そんな中、第３の殺人が発生する。殺されたのは小川新平（関根大学）という中年の建築デザイナーで、背中をナイフで刺されていたのだが、やはり犯行時刻に津軽三味線を聞いた者がいたのだ。そして、小川も他の二人とは、まったく繋がりが発見されない。
　何の進展も見せないまま数日が過ぎたある日、捜査一課に亜木子（牛尾田恭代）と、はるか（長山洋子）という二人の女性が訪ねてくる。二人は同じマンションに住む友人で、はるかの話では、亜木子が帰宅途中に二晩続けて津軽三味線の音を聞いて恐くなったと、彼女のもとに相談にきたというのだ。
　亜木子は、これまでに殺された３人の人物にはまったく心当たりがなく、恨みを買うような人物にも心当たりはないというのだが…。"
5,44,「特急スーパー北斗１号殺人事件」,,"東京浅草のマンションで吉岡（湯江健幸）という男の死体が発見され、警視庁捜査一課の十津川警部（高橋英樹）と亀井刑事（愛川欽也）らが現場に急行する。吉岡は後頭部を鈍器で殴られたうえ、背中を数カ所刺されていた。吉岡は、定職を持たず女をくいものにして生活していたらしい。
　やがて、吉岡が数年前まで会社勤めをしていたことが判明、そこのＯＬの証言で、彼には同じ会社に勤める風見ゆう子（大河内奈々子）という恋人がいたことがわかる。
　ＯＬの話では、二人がつきあっていたころ、吉岡は独立して輸入雑貨の店を始めたのだがうまくいかず、ゆう子を借金の保証人とし、さらにゆう子が親の遺産で買ったマンションも抵当に入れて、そのまま姿をくらませてしまったという。おかげでゆう子は借金取りに追われ、会社を辞めざるを得なくなってしまったとＯＬはいうのだ。
　十津川と亀井はゆう子の居所を探し出して彼女を訪ねた。事情を聞かされたゆう子は、ここ１年、吉岡とは会っていないと答えた。さらに、吉岡が殺されたと思われる時刻にはアルバイト先のファミレスにいたことが確認される。
　十津川はゆう子の諦めきったような暗い眼差しが気になった。もしかしたら彼女は、吉岡が死んだことで心の中の何かが壊れ、自殺を考えているのではないのか。
　翌日、十津川と亀井はゆう子の住まいを再び訪ねるが、すでに彼女の姿はなく、部屋はきれいに片付けられていた。
　ゆう子の郷里が函館だと聞いていた十津川は、北海道警の阿部警部（中丸新将）に連絡をとり、自殺の怖れがあるので彼女を見かけたら保護してほしいと依頼し、彼女の写真や指紋を送付する。
　数日後、釧路郊外で東京に住む山崎（ＢＯＢ藤原）という男の他殺体が発見される。山崎は缶コーヒーに入れられた青酸カリによって殺されたのだが、調べが進むうち缶コーヒーにゆう子の指紋がついていることが判明する。
　道警から重要参考人として手配されたゆう子は、流氷の海で入水自殺を図ろうとしたところを道警によって身柄を確保されるが…。"
6,45,「超豪華寝台特急『トワイライト』殺人事件」,,"警視庁捜査一課の西本刑事（森本レオ）は長い独身生活に別れを告げ、旅先で知り合ったプロカメラマン・二宮ゆき（杉山彩子）と結婚、十津川警部（高橋英樹）や亀井刑事（愛川欽也）らの祝福を受けて、新婚旅行に出発した。二人は京都で一泊し、大阪発の寝台特急『トワイライトエクスプレス』で北海道の洞爺湖に向かう予定を立てていた。
　日本のオリエンタル急行とも称されるこの寝台特急は、大阪から日本海側に抜け、２１時間かけて札幌に到着する。二人はゆきの親戚のいる新津で途中下車し、挨拶回りを行うことになっていた。ところが、一方的にゆきに好意を寄せていた彼女と同じマンションに住む白木（寺十吾）という男が、旅先まで追いかけてきてナイフを振るってゆきを刺殺してしまう。
　それから一年、傷心を癒すため再び『トワイライトエクスプレス』に乗り旅に出た西本は、車内でゆきとそっくりな女性に出会う。彼女は、銀座の画廊に勤める小菅みな子（杉山彩子＝二役）で、センチメンタルジャーニーだと西本に語る。西本はゆきの面影をみな子に重ねながらも楽しい談笑のひと時を過ごし、再会を約して洞爺駅で彼女と別れた。
　東京に戻り、みな子の勤める画廊を訪ねた西本は、そこで画廊のオーナー・木之内順子（古手川祐子）を紹介される。画廊ではその日、磯部（鈴木一真）という画家の洞爺湖を描いた個展が開かれていた。
　数日後、西本のもとにみな子から不安そうな声で電話が入る。磯部が洞爺湖に行ったまま音信を絶ってしまったので、彼を探しに洞爺湖に来ているというのだ。心配した西本は、その夜みな子に連絡を取ろうとするが彼女の携帯は繋がらない。
　不安を覚えた西本は、翌日、むりやり休暇を取って洞爺湖に向かい、画廊で教えられたみな子の宿泊先を訪ねる。だが、すでに彼女はチェックアウトしてしまっていた。
　みな子が前日チャーターしたタクシーを雇って彼女の前日の足取りを辿っていた西本は、有珠山の展望台付近でみな子を発見する。ところが、駆け寄ろうとした西本は、何者かに後頭部を殴られて気を失ってしまう。
　戻りが遅いのを気遣い探しにきたタクシーの運転手によって気を失っている西本は発見された。ところが、西本の近くでみな子が血のこびりついた拳大の石を握り締めて死んでいたのだ。彼女の首には紐が固く巻かれていて、その一端を西本が握っていた。
　運転手の通報で所轄署の刑事が駆けつけ、西本はみな子を殺害した容疑で署に連行される。所轄署からの連絡に、信じられない思いの十津川は急ぎ洞爺湖に向かう。十津川の顔を見た西本は、これは何者かが仕掛けた罠だと訴える。
　一方、亀井は順子から事情を聞くために彼女の自宅に出向いたのだが…。"
7,46,「秋田新幹線・こまち連続殺人！」,,"隅田川で胸を刺された男の死体が発見された。現場に駆けつけた警視庁捜査一課の十津川警部（高橋英樹）や亀井刑事（愛川欽也）は、所持していた免許証から、被害者がフランス料理店のオーナー・原田（堀勉）だと知る。原田の妻の美代子（栗田よう子）によると、前夜、三千万の現金を持って家を出たまま連絡が取れなくなっていたという。所持していた三千万は、三億円の融資の見せ金だと言われてかき集めたものだというのだ。だが、遺体の周囲にはそれらしき金は見当たらない。
　どうやら原田は詐欺に引っかかったらしい。融資話を持ち込んだのは加納という男で、銀座のクラブのホステスが仲介したらしいと美代子は言う。
　融資話を仲介したのは、原田の行きつけのクラブのホステス・戸塚由美（藤谷美紀）だと判明、西本刑事（森本レオ）が事情を聞きにいく。ところが、店のママの話では、突然、今日限り店を辞めたいと、三百万の借金を精算していったというのだ。
　西本からの連絡を受け、十津川と亀井は由美のマンションに向かう。だが、管理人の話では３０分ほど前に故郷に帰るとマンションを引き払っていったという。彼女の部屋の壁には『私は故郷に帰る　誰も追いかけて来ないで　追いかけて来たら殺してやる！』との口紅で書かれたメッセージが残されていた。
　管理人から由美の故郷は秋田県の角館で、実家は旅館を経営していると聞かされた十津川は、清水（井川晃一）、北条（山村紅葉）両刑事に、すぐさま東京駅に行くよう命じる。
　両刑事は、由美が秋田新幹線『こまち』に乗り込むのを確認、自分たちも乗車して様子をうかがう。やがて、『こまち』は仙台駅に停車、二人は、そこから乗ってきた中山弘史（山崎樹範）という有名タレントが由美に親しげに話し掛けるのを目撃する。どうやら中山は銀座のクラブでの彼女の得意客らしい。
　角館で下車した由美は、実家の旅館へと向かい、中山も一緒にその旅館に入っていく。
　一方、東京に残った亀井は由美の経歴を洗い出す。それによると、彼女は地元の高校を卒業後上京、ＯＬだった２２歳の時に島崎（金井茂）という男と結婚したが、島崎は１年後に借金を残して蒸発し、それを返済するために水商売に入ったということだった。島崎は、由美のもとから姿を消した後、詐欺容疑で逮捕され１年間の刑務所生活を送っていた。
　由美の周囲からは加納という名の男が浮かんでこないため、亀井や西本は、島崎が何らかの形で由美を利用し、加納と名乗って詐欺を働いたのではないかとの疑いを持つ。
　翌日、中山が秋田で死体となって発見される。さらに、角館に現れた島崎までも殺されて、由美に容疑がかかる。
　そんな中、十津川の妻・直子（浅野ゆう子）は、学生時代の友人で今は秋田を地盤とする代議士の妻となっている柏木めぐみ（杜けあき）と出会うが…。"
8,48,「みちのく殺意の旅」,,"警視庁捜査一課の十津川警部（高橋英樹）は久しぶりに休暇をとって、妻・直子（浅野ゆう子）とのんびりと温泉旅行に出かけるはずだった。ところが、直前になって予定が狂い、直子だけが先に出発することになる。
　十津川夫婦の計画では、梅の名所・水戸の偕楽園に立ち寄った後、水郡線で郡山に出て東北本線に乗り換え、初日は福島近郊の飯坂温泉に泊まることになっていた。
　夫の十津川とは翌日落ち合う手はずとなり、ひとり偕楽園に向かった直子は、そこで数人の男女のグループと知り合いになる。彼らは、水戸の大学の同窓生で、同人誌の仲間だという。
　東京から来たという矢代誠（山口馬木也）と妻の由紀（国分佐智子）、原田健治（湯江健幸）と婚約者の加藤敬子（三津谷葉子）、そして水戸で喫茶店を開いている阿部豊（志村東吾）と妻のみどり（佐藤仁美）がその一行で、敬子以外の5人が大学の同窓生らしい。彼らの話によると、阿部が文学賞の新人賞を受賞したことから、8年ぶりに仲間が集まり、お祝いを兼ねて温泉めぐりをすることになったという。
　仕事の関係で参加が1日遅れるという地元の阿部夫婦を除き、4人は直子と同じ列車で郡山に向かう。彼らの初日の宿泊地も飯坂温泉で、偶然同じ旅館だとわかる。
　飯坂温泉に着いた直子は、その夜散歩に出るが、近くの川岸で丹前姿の女が倒れているのを目に留め、警察に急報する。
　やがて、警察が到着し、すでに死亡している女を川から引き上げるが、直子はその顔を見て声を上げる。矢代の妻の由紀だったのだ。
　そんな中、直子は夫の旧知の人物、福島県警の戸田警部（篠田三郎）に声をかけられる。戸田は、この事件の捜査責任者らしい。
　そのころ、仕事が一段落した十津川は、亀井刑事（愛川欽也）たちと酒を酌み交わしていた。そんなところに、直子から携帯電話が入り、事件を知らされる。さらに、被害者が東京の人間だということから、戸田に捜査協力を要請された十津川は、亀井たちに後を託し、その夜の新幹線で福島へと向かう。
　直子たちの泊まっている旅館に到着した十津川は、早速関係者から事情聴取を始める。夫の矢代によると、由紀は風呂に行くと言い残して部屋を出たということで、なぜ外出したのか、まるで心当たりがないという。さらに、なぜ殺されたのか見当もつかないというのだ。
　だが、原田が気になることを言い出す。やはり彼らの同人誌の仲間で、田村（関戸将志）という男を、この旅行中何度か見かけたというのだ。その田村なる人物は、経営していた会社がうまくいかず、由紀に借金を申し込んで断られたという経緯があるらしい。田村は横浜に住んでいたのだが、会社がうまくいかなくなった後、東京に引っ越したということだった。
　翌朝、福島県警からの要請で亀井たちは田村の住まいを訪ねるが、本人はおらず、事件につながるような手がかりも得られない。ただ、管理人の話では、引っ越しのとき、白いコートを着た若い女が手伝いに来ていたということだった。
　一方、同人誌グループの一行は、矢代を除いて翌日合流した阿部夫婦と共に旅を続けるという。無理に留めるわけにも行かず、十津川もそれとなく行動を共にするが、今度は旅先で原田が殺されて…。"
9,50,"9月27日
テレビ朝日開局50周年記念
土曜ワイド劇場　西村京太郎トラベルミステリー５０ 
「山陽・東海道連続殺人ルート！」","原　作,西村京太郎,脚　本,篠塚　好,監　督,村川　透,プロデューサー,高橋浩太郎（テレビ朝日）,池ノ上雄一（東映）,河瀬　光（東映）,塙　淳一,制　作,テレビ朝日,東映,出演,十津川警部　　高橋英樹,亀井刑事　　愛川欽也,岡林美津子　　賀来千香子,十津川直子　　浅野ゆう子,西本刑事　　森本レオ,及川俊郎　　升　毅,山内元警部　　高田純次,杉浦　明　　国広富之,北条刑事　　山村紅葉,清水刑事　　井川晃一,荒木健次　　大石吾朗,長山卓也　　曽雌達人,小野内亜矢　　佐伯　花","　博多で行われた友人の結婚式に出席した警視庁捜査一課の西本刑事（森本レオ）は、その日の夕方、寝台特急『はやぶさ』で帰京の途についた。熊本始発の『はやぶさ』は、博多を17時33分に発車、東京着は翌日の午前９時58分で、全席個室となっていた。
　西本は、乗車するとき年の離れたカップル（曽雌達人・佐伯花）を見かける。二人は、見るともなしに見ている西本の前を通って各々の個室へと入っていった。
　翌朝、『はやぶさ』が東京駅に到着したとき、西本が発車時に見かけた男女が死体となって、それぞれの個室で発見される。二人は刃物で胸を刺されていた。西本の急報により、十津川警部（高橋英樹）を始め亀井刑事（愛川欽也）ら捜査一課の面々が駆けつけてくる。
　個室内の捜査の結果、男の部屋から鍵の掛かったスーツケースが、女の部屋からその鍵が見つかり、スーツケースを開けたところ、中から5千万もの金が出てきたのだった。だが、男の上着に“長山”というネームが入っているほか、男女の身許を示す手掛かりはまったく発見されない。
　その日、男女が殺されたのは午後8時半から午前1時の間、新山口〜岡山間と判明、さらに、スーツケースの中の札束には特殊なインクが塗られていることがわかる。
　鑑識課員から、ひょっとするとこの金は誘拐事件の身代金ではないかと示唆された十津川は、過去の誘拐事件を洗い出す。そしてその中の一件、4年前に起こった少女誘拐事件が、身代金を支払ったにも関わらず少女が殺害され犯人が未だに逮捕されていないことが判明する。もしかすると殺された男女はこの誘拐事件の犯人で、二人を殺害した人物は、それを教えるためにわざと金を残したのではないか？
　4年前にこの事件を扱ったのは、十津川と同期の山内警部（高田純次）だった。山内に会った十津川は当時の状況を聞きだす。それによると、誘拐されたのは及川やよい（吉田穂花）という小学3年になる資産家の娘で、警察の不手際で金を奪われた挙句に犯人を取り逃がし、さらにやよいまで殺害されてしまったという。山内の話では、身代金に特殊インクを塗ったのはやよいの父親だったというのだ。事件直後、山内は、その責任を取って警察を辞め、今では父親のあとを継いでスポーツ店の店主となっていた。
　やがて、やよいの両親、及川俊郎（升毅）と美津子（賀来千香子）は2年前に離婚していることがわかる。
ところが事件当日、及川は元妻・美津子の親戚の法事で福岡にいたことが判明する。娘の復讐のために及川が二人を殺したのか？　だが及川は、事情聴取を行った十津川と亀井に対しアリバイを主張する。
その日、及川は博多から新幹線で新倉敷に出て、夜の8時半に人と会っていたという。そして1時間半ほど打ち合わせを行った後、倉敷駅から22時13分発の寝台特急『サンライズ出雲』で帰京したというのだ。『はやぶさ』は倉敷駅には停車せず、さらに及川が『サンライズ出雲』に乗り込んだときと、翌朝7時08分に東京駅に到着したときの目撃者がそろっていた。それでも及川に疑いの目を向ける二人に、乗ってもいない『はやぶさ』で、どうしたら人が殺せるのかと及川は嘯くが…。"
10,51,"1月10日
西村京太郎トラベルミステリー 
「上野駅13番線ホーム　つり合わない乗車券を買う死体！」","原　作,西村京太郎,脚　本,篠崎　好,監　督,村川　透,プロデューサー,高橋浩太郎（テレビ朝日）,池ノ上雄一（東映）,河瀬　光（東映）,塙　淳一,制　作,テレビ朝日,東映,出演,十津川警部　 　高橋英樹,亀井刑事　　　　愛川欽也,江川麻里　　　　小沢真珠,西本刑事　　　　森本レオ,本田　剛　　　 　金子　賢,相沢優子　　　　小嶺麗奈,北条刑事　　　　山村紅葉,小池康子　　　　神保美喜,伊藤弁護士　 　志村東吾,小池慎太郎　 　団　時朗,戸塚みゆき　 　岡田　薫","　西本刑事（森本レオ）とともに所用で立ち寄った上野駅の13番線ホーム付近で、亀井刑事（愛川欽也）は一人の青年（金子賢）に眼をとめる。青森出身の亀井にとって、『カシオペア』や『北斗星』などの寝台特急が発着する上野駅の13番線ホームは、ふるさと東北に通じる道として特別な思いがあり、折々顔を出してはふるさとの匂いに浸っていた。そして、今すれ違ってホームの方へ向かった青年も、亀井と同じような思いからか13番線ホームで何回か顔を合わせたことがあったのだ。
　その夜、上野駅近くの身障者用トイレで頭部に傷を負った男の死体が発見され、十津川警部（高橋英樹）を始め亀井たち刑事が現場に駆けつける。死んでいたのは、所持していた運転免許証から港区白金に住む小池慎太郎（団時朗）と判明するが、事故死か他殺かの判断はつかない。死体のそばには旅行鞄が置いてあり、コートの胸ポケットから『北斗星』の上野〜札幌間のＢ寝台券が出てくる。だが、財布だけはどこにも見当たらなかった。
　亀井は、この切符に不自然なものを感じる。裕福そうな身なりの小池には、一番安いＢ寝台券は似つかわしくない。本当に、小池の切符なのだろうか？
　小池の妻の康子（神保美喜）と急を聞いて駆けつけてきた弁護士の伊藤（志村東吾）から事情聴取をおこなった十津川と亀井は、小池がジンギスカン料理のチェーン店のオーナーだと知る。
　やがて、小池の検視結果が出た。それによると、頭の傷は致命傷ではなく、窒息死だったことがわかる。小池は脳挫傷を起こして倒れたところを口を塞がれて殺されたらしい。さらに、『北斗星』の切符には小池の指紋がついていないことも判明する。
　数日後、札幌発の『北斗星』が上野駅13番線ホームに到着した直後、5号車の個室内で背中をナイフで刺された女の死体が発見される。所持品から殺されたのは戸塚みゆき（岡田薫）という世田谷区三軒茶屋に住む女性と判明。その後の調べで、みゆきは小池が経営する三軒茶屋のジンギスカン料理店の副店長だったことがわかるが、関係者によると、彼女は一週間ほど前に店を辞めたということだった。果たして小池とみゆき、二人の殺害に繋がりがあるのだろうか？
　捜査を進める中、事件のあった『北斗星』の乗客から回収した切符の中から大宮〜上野間の切符が出てきたという情報が十津川のもとに寄せられる。『北斗星』は、全室寝台の夜行特急であるにもかかわらず、わずか二十数分間の大宮〜上野間をなぜ『北斗星』に乗らなければならなかったのか？　十津川たちは、この切符を使用した人物に重大な関心を示す。また、みゆきの死体が発見されたとき、同じ5号車からそそくさと立ち去った青年がいたという目撃情報も伝えられる。
　十津川と亀井は、事件の手がかりを得るためにチェーン店の本社に出向き、そこで小池の秘書だった美しい女性・江川麻里（小沢真珠）と顔を合わせるが…。"
11,52,"9月26日
西村京太郎トラベルミステリー 
「密室列車・特急かもしか、途中下車連続殺人！」","原　作,西村京太郎,脚　本,篠崎　好,監　督,村川　透,プロデューサー,高橋浩太郎 （テレビ朝日）,池ノ上雄一 （東映）,河瀬　光 （東映）,塙　淳一,制　作,テレビ朝日,東映,出演,十津川警部　 高橋英樹,亀井刑事　　　愛川欽也,朝倉多紀　　　大路恵美,十津川直子　 浅野ゆう子,西本刑事　　　森本レオ,西本誠治　　　小野寺　昭,三宅晴夫　　　矢崎　滋,三宅文子　　　結城しのぶ,三宅夕子　　　未來貴子,青木俊郎　　　寺泉　憲,北条刑事　　　山村紅葉,ほか","　警視庁捜査一課の十津川警部（高橋英樹）と亀井刑事（愛川欽也）は、西本刑事（森本レオ）から一葉のハガキを見せられる。それは彼の兄の誠治（小野寺昭）から届いたもので、温泉めぐりを楽しんでいるという内容だった。西本によると、誠治は三年前に妻を亡くし、今は独り身という。
　秋田県大湯温泉で投函されたそのハガキには、旅先で三宅文子（結城しのぶ）という素敵な未亡人と知り合い、一緒に旅をすることになったと記されていた。
　その夜、十津川の妻・直子（浅野ゆう子）は、自宅近くの路上で女性が倒れているのを目撃する。近くにいた学生の話では、その女性はひき逃げに遭ったという。突然ライトを消した車が彼女めがけて突っ込んできたというのだ。どうやら、その女性の命を狙っての犯行だったらしい。
　幸いその女性・朝倉多紀（大路恵美）はかすり傷を負った程度だった。そこで直子は、多紀を近くの交番に連れて行き警官に事情を説明した。多紀は自分は弁護士だと名乗り、命を狙われるような心当たりはまったくないと言い切ったのだった。
　一週間後、青森発秋田行きの奥羽線特急『かもしか2号』が、終着秋田に到着したとき、車内で首を絞められた女性客の死体が発見される。死体は三宅文子だった。
　その夜、東京の誠治の自宅で、誠治が首を吊って自殺を図り、意識不明のまま救急車で病院に運ばれるという騒ぎが発生する。病院へ駆けつけた西本は、意識不明の兄・誠治を発見したのは、彼を訪ねてきた秋田県警の刑事だと知る。その刑事・北山（潮哲也）によると、誠治には文子殺害の容疑がかかっているという。西本宛に書かれた誠治の遺書も見つかり、それには、私は大変なことをしてしまった。死んでお詫びすると記されてあった。
　北山の話では、誠治と文子はずっと行動をともにし、今朝、文子が黒石の銀行から500万円下ろして、そのまま二人で『かもしか2号』に乗り込んだことまでわかっているという。だが、殺されたとき、文子は500万を持っていなかったというのだ。　
　やがて誠治の家の中から500万の金が見つかるが、誠治は依然として意識不明で詳しいことはまるでわからない。
　兄が殺人など犯すはずはないと信じる西本は、休暇を取って自ら三宅文子の死の謎を解き明かそうと秋田に向かうが…。"
12,53,"2月6日
西村京太郎トラベルミステリー
「山形新幹線　つばさ111号の殺人！」","原　作,西村京太郎,脚　本,篠崎　好,監　督,村川　透,プロデューサー,高橋浩太郎,（テレビ朝日）,池ノ上雄一,河瀬　光,（東映）,制　作,テレビ朝日,東映,出演,十津川警部　　 高橋英樹,亀井刑事　　　　愛川欽也,木村弥生　　　　京野ことみ,佐久間有也　　 柏原収史,西本刑事　　　　森本レオ,北条刑事　　　　山村紅葉,清水刑事　　　　井川晃一,久保田刑事　　 伴　杏里,黒柳恵美　　　　橋本愛実,小川長久　　　　有川　博,ほか","　十津川警部（高橋英樹）と亀井刑事（愛川欽也）は、宮田直人（佐伯新）が自殺したことを新聞記事で知った。宮田は、1年前に起った殺人事件の目撃証人だった。十津川は、宮田自殺の記事を見たとき、2週間ほど前に三浦半島の海岸で溺死した大石あずさ（黒澤はるか）のことを思い浮かべていた。
　1年前、中野にある喫茶店の主人・本間順一（久保酎吉）が白昼の店内で刺殺されるという事件が発生、刺したのはかねてから金銭トラブルのあったヤミ金融の社長・松木弘（中村譲）だった。そして、このとき店内にいたのが、ウエイトレスのあずさと4人の客で、その客の中の一人が宮田だった。
　松木は本間をナイフで刺したあと逃走を図ったが、まもなく逮捕され、懲役12年の判決を受けていた。この裁判で、証人として出廷した宮田たちに、松木は「お前たちを一人残らず殺してやる」と罵声を浴びせていた。だが、松木は収監されて間もなくクモ膜下出血で病死したのだった。あずさの溺死と宮田の自殺は果たして偶然なのか？　新聞記事によると、宮田はバスルームで手首をカミソリで切って死んだらしい。
　十津川と亀井はとりあえず三鷹にある宮田のアパートに向かった。所轄署員によると、死体が発見されたのは前夜9時過ぎのことで、宮田の下の部屋の住人から、天井から水が漏れているとの通報があり、駆けつけた管理人が上の階の宮田の部屋で彼の死体を発見したのだという。所轄署員は、現場の状況から他殺を疑わせるようなものは何もなかったと言い、ただ、部屋のカギは掛かっていなかったと付け足した。
　二人はその足で松木の恋人だった木村弥生（京野ことみ）のもとを訪ねる。弥生は、宮田が自殺ことなど知らないし、過去のことはもう忘れたいと二人に語った。だが、そう言う弥生の部屋には、宮田の死を伝える新聞が置かれてあった。なぜ、弥生はウソをつかなければならないのか、十津川と亀井は弥生に不審なものを感じる。
　そんな中、本間殺害事件の目撃者のうちの二人、店の常連だった小川長久（有川博）と当時大学生だった黒柳恵美（橋本愛実）が相前後して行方不明になってしまう。小川は旅行に出ると家族に言い残し、恵美は山形の実家に戻ると、念のため彼女を訪ねた亀井に語ったまま連絡が取れなくなってしまったのだ。
　恵美と小川の足取りを追ったところ、二人は同じ日の『やまびこ・つばさ111号』に乗り込んだことが判明する。この列車は、東北新幹線の『やまびこ111号』と山形新幹線の『つばさ111号』が連結されたもので、福島で分離されたあとやまびこは終着地・仙台に、つばさは新庄に向かう。二人が同じ列車に乗ったのは何らかの理由があったのか？　十津川と亀井は、恵美や小川の身を心配するが…。"
13,54,"10月2日
西村京太郎トラベルミステリー　伊豆の海に消えた女
＜放送時間のお知らせ＞　
10月2日の土曜ワイド劇場は、午後9時30分から午後11時21分の放送になります。 ","原　作,西村京太郎,脚　本,岩下悠子,監　督,村川　透,プロデューサー,高橋浩太郎（テレビ朝日）,河瀬　光（東映）,制　作,テレビ朝日,東映,出演,十津川警部　　　高橋英樹,亀井刑事　　　　 愛川欽也,謎の女　　　　　　井上和香,津田明江　　　　 宮本真希,宮本真理　　　　 映美くらら,西本刑事　　　　 森本レオ,北条刑事　　　　 山村紅葉,清水刑事　　　　 井川晃一,久保田刑事　　　伴　杏里,小山警部　　　　 今井雅之,ほか","　レストランチェーンの社長・高原雅之(比留間由哲)が高級マンションの自室で刺殺された。捜査をはじめた十津川警部（高橋英樹）と亀井刑事(愛川欽也）は、事件前日、被害者のオフィスに片山と名乗る女性から電話があり、「結婚しないなら殺してやる」という物騒な伝言を残していたことを聞く。
　調べてみると、高原は４人の女性と交際していたことが判明。４人のうち、片山みゆきというイベントコンパニオンの行方がわからなくなっていた。

　その頃、東京駅から発車した『踊り子105号』の車内では、サングラスをかけた謎の美女(井上和香）が、隣席の若い商社マン・酒井修(渋江譲二)に声をかけていた。女は、自分はモデルの“生田くみ子”だと自己紹介。会社をサボってひとり伊豆の下田温泉に向かっていた酒井に、魅惑的な笑みを向ける…。
　一方、みゆきの住むマンションの大家の情報から、彼女が静岡・下田の出身と知った十津川らは、故郷に向かっている可能性が高いと考え、静岡県警に写真を送って手配を要請。すると、みゆきは熱海駅で若い男と一緒のところを駅員に目撃されていたことがわかった。
　その男女こそサングラスの女と酒井で、２人は熱海駅で踊り子号から各駅停車の展望車『リゾート21』に乗り換えていた。静岡県警の小山警部（今井雅之）らは終点の下田駅で到着を待ち構える。ところが、なぜか２人は下田に姿を見せなかった。
　実は、女と酒井は、下田のひとつ手前の蓮台寺駅で降りて宿泊していたのだ。みゆきを追うため下田にやって来た十津川たちは宿に急行するが、２人はすでにタクシーに乗り込み、“爪木崎”という断崖に向かっていた。そして、十津川らが駆けつけたときには崖の上には女の姿はなく、“高原さんを殺したのは私です。死んでおわびをします。片山みゆき”という書き置きだけが残されていた！　
　駐車場でタクシー運転手と共に彼女を待っていた酒井によると、女は突然「ひとりにしてほしい」と言い出し、崖に残ったのだという。酒井は、彼女が昨日からずっとサングラスをかけたまま何かにおびえた様子だったこと、タクシー運転手から下田では昨日東京で起きた殺人事件に関する警察の検問が行われていることを聞くと、ひどく動揺していたことなどを証言する。
　それを聞いた十津川は、みゆきの自殺は警察の追跡をかわすための偽装で、“自殺へと追い詰められていく犯人像”を印象付けるために酒井を利用したのではないかと怪しむ。だが、翌朝、岩礁からみゆきの水死体が見つかり、事件は被疑者死亡で解決したかのように思えた。
　しかし、十津川の直感どおり、事件はまだ終わっていなかった…。２週間後、同じ爪木崎で、高原の交際相手のひとり、銀行員の秋山圭子(松永京子)が絞殺体となって発見されたのだ！
　最初の事件の被害者である高原に続き、その交際相手の４人の女のうち、２人が死んだ…。この一連の事件の真犯人とその目的とは、はたして…!?"
14,55,"11月27日
西村京太郎トラベルミステリー55
寝台特急カシオペア殺人事件","原　作,西村京太郎,脚　本,今井詔二,監　督,村川　透,プロデューサー,高橋浩太郎（テレビ朝日）,河瀬　光（東映）,制　作,テレビ朝日,東映,出演,十津川警部　　　　高橋英樹,亀井刑事　　　　　 愛川欽也,大山アキ　　　　　 藤谷美紀,十津川直子　　　　浅野ゆう子,大山　茂　　　　　　山口馬木也,西本刑事　　　　　 森本レオ,中谷光世　　　　　 水野久美,木下伊沙子　　　　井上晴美,別所　透　　　　　　大浦龍宇一,北条刑事　　　　　 山村紅葉,ほか","　十津川警部(高橋英樹)は、妻・直子（浅野ゆう子）の誕生日と20回目の結婚記念日を祝うため、休暇を取って夫婦で北海道を訪れていた。そこで、同じく妻の誕生日と結婚記念日を祝うために旅行に来ていたカップルと知り合う。気鋭の建築デザイナー・大山茂（山口馬木也）とアキ（藤谷美紀）の若い夫妻だ。彼らは十津川たちと同じく、札幌から函館、小樽をめぐり、最終日はまた札幌に戻って“寝台特急カシオペア”に乗って帰京するという。意気投合した２組の夫婦は翌日、函館を共に観光することに。

　ところが、函館の街で３人と別れ、ひとり史跡を見物しようと歩きはじめた十津川の耳に、観光客の悲鳴が届く。駆けつけると、中年男性が首から血を流して死んでいた。直後、十津川は野次馬の中に、かつて逮捕した結婚詐欺師・別所透（大浦龍宇一）を見かける。別所は７年前、だました相手を絞殺。服役して８カ月前に出所したばかりだったが、もう新たな交際相手らしき女性・簑島絵里（大家由祐子）を連れていた。
　別所はその後、十津川の前にふらりと現われ、「私を怒らせるな」と、不気味な言葉を吐いて去っていく。十津川から電話で連絡を受けた亀井刑事（愛川欽也）は「警部たちの身に何も起きなければよいが…」と一抹の不安を抱くのだった。一方、直子は市場で土産を買っている途中、大山が見知らぬ美女となにやらモメている様子を目撃し、不審に思う。

　やがて、亀井と十津川の不安は的中！　最終日の朝、ひとりでジョギングに出かけた直子が出発時間になっても戻らないのだ。心配していると、男性に助けられながら直子が帰ってきた。肩を貸していたのは、なんと別所！　直子は丘から転落して足を少し痛めた程度だったが、「誰かに突き飛ばされた気がする」という直子の言葉に、十津川は表情を固くする。

　そして夕方、十津川たちと大山夫妻はそれぞれ札幌に戻り、カシオペアに乗車した。同じ列車には別所と絵里、ホステスの夏山未奈（森下千里）とワケありらしき連れ・中島雅彦（建蔵）、さらには函館で大山とモメていた女・木下伊沙子（井上晴美）も乗り込んでいた。
　その車内で、さらなる事件が起きた…！　十津川が目を離した隙に直子が行方不明になり、なんと十津川の携帯に「妻を預かった」というメールが届いたのだ。メールには、手を縛られて気を失い、ナイフを首筋に突きつけられている直子の写真が添付されていた。
　しかもなんとアキのもとにも何者かから「夫を預かった」というメールが届いていたとわかる。犯人はいったい何の目的で、直子と大山を誘拐したのか…!?　これも十津川に恨みを抱く別所の仕業なのか…!?　そして２人は無事なのか…!?　十津川は愛する妻と大山を助けることができるのか…!?
　事件は、これだけでは終わらなかった。その後、上野に到着したカシオペアの車内で木下伊沙子の刺殺体が見つかったのだ！　残された凶器から、函館で十津川が遭遇した殺人事件との関連が浮上して…!?"
15,56,"7月23日
「西村京太郎トラベルミステリー　生死を分ける転車台」 ","原　作,西村京太郎,脚　本,森宮　栄,監　督,村川　透,プロデューサー,高橋浩太郎（テレビ朝日）,河瀬　光（東映）,制　作,テレビ朝日,東映,出演,十津川警部　　高橋英樹,亀井刑事　　　 愛川欽也,望月江里子　　佐藤藍子,白井美咲　　　 三浦理恵子,西本刑事　　　 森本レオ,松山刑事　　　 宇梶剛士,北条刑事　　　 山村紅葉,小笠原伸行　　六平直政,浅野圭一　　　 松尾敏伸,中西大介　　　 合田雅吏,小島英輔　　　 滝藤賢一,ほか","　亀井刑事（愛川欽也）が若手捜査員の講師役として青森県警に出向中、十津川警部（高橋英樹）率いる捜査班に、新たに松山警部補（宇梶剛士）が赴任してきた。
　そんなある日、カリスマジオラマ作家の小島英輔（滝藤賢一）が多摩川の土手で刺殺されているのが見つかった。小島はジオラマ界では天才と崇められる有名人で、遺体のそばには燃えたジオラマの残骸があった。ジオラマは、ちょうどその日から始まるコンテストに出品予定だった、小島の最新作と思われた。
　コンテストを主催する“ジオラマランド社”の社員・望月江里子（佐藤藍子）と小島の妹・あかね（阪田瑞穂）によると、前日の朝、小島のマンションを訪ねたとき、本人の姿はなかったが、作品は確かに部屋にあったという。しかし同じ日の夜、作品を会場に運び込もうとして、ジオラマランド社長の小笠原伸行（六平直政）と江里子が小島の留守宅を訪ねたところ、ジオラマは消えていたという。犯人はなぜ殺人を犯すだけではなく、ジオラマを運び出して燃やしたのだろうか…!?　小島は浜松市出身であり、彼が出品する予定だったジオラマは、“天竜浜名湖鉄道”の“天竜二俣駅”にある現役の転車台をモデルにしていたという。十津川は手がかりを求めて、西本刑事（森本レオ）と共に、天竜二俣駅を訪ねた。
　すると、小島が２月14日に天竜二俣駅を訪れていたことが判明。さらに、小島が高校時代に片思いしていた白井美咲（三浦理恵子）が同じ２月14日に天竜二俣駅近くで心臓発作を起こして亡くなっていたことがわかる。　美咲は代々県会議員を務める家の御曹司と結婚して東京で生活していたが、１年前に離婚。そのまま都内でひとり暮らししていたものの、アルバイト先で嫌なことがあったという理由で、半年前、故郷の浜松に戻ってきていたという。母・敬子（大原真理子）の話では死亡当日は手作りのチョコレートを持って出かけたはずだというが、遺留品からはチョコレートだけが消えていた…。
　小島や美咲の知人への聞き込みを終えて浜松駅に降り立った十津川たちはそこで江里子の姿を見かけて不審に思うが…!?　

　そんな中、十津川たちは、小島の最新作の設計図がマンション内に隠すように保管されているのを発見。よく見てみると、設計図にはジオラマとしては異様な光景が書き込まれていた。なんと、小島は、転車台に近い駅舎の裏に、倒れている女性のフィギュアを配置するつもりだったらしいのだ…！　
　この女性のフィギュアは、美咲の遺体を表しているのではないか…!?小島は美咲を殺した犯人を告発するために、このジオラマを制作していたのではないか…!?　そう直感した十津川は、犯人をおびき寄せるために大胆な賭けに出るが、さらなる殺人が発生して…!?"
16,57,"
1月28日　よる9：00〜11：21
35周年特別企画 「西村京太郎トラベルミステリー
スーパービュー踊り子連続殺人」","原　作,西村京太郎,脚　本,森宮　栄,監　督,村川　透,プロデューサー,高橋浩太郎（テレビ朝日）,河瀬　光（東映）,制　作,テレビ朝日,東映,出演,十津川警部　　高橋英樹,亀井刑事　　　 愛川欽也,西条美保　　　 上原美佐,佐々木貢　　　 中村俊介,池辺冴子　　　 雛形あきこ,西本刑事　　　 森本レオ,松山刑事　　　 宇梶剛士,北条刑事　　　 山村紅葉,内田弁護士　　賀集利樹,小野寺京子　　亜矢乃,ほか","　警視庁捜査一課の十津川警部（高橋英樹）と亀井刑事（愛川欽也）は出張のため、新宿駅から「スーパービュー踊り子３号」に乗り込んだ。だが、終点の伊豆急下田駅に到着する直前、列車内のサロンで男性客が死亡する事件が起きる。
　死んだのはグリーン車の個室に乗っていた資産家の社長・池辺康夫（飯田基祐）で、死因は青酸性毒物による中毒死と判明。第一発見者の男・佐々木貢（中村俊介）によると、サロンで窓の外を眺めていたところ、池辺がよろめきながら入ってきて、自分のほうに向かって倒れ込んですぐに絶命したという。佐々木は池辺とはまったく面識がないとも証言、自分は石廊崎から身を投げるつもりで「スーパービュー踊り子３号」に乗っていたと話す。
　十津川たちは佐々木が何か隠していることを直感するが、調べたところ池辺と佐々木の間に接点は見つからなかった。佐々木は１週間ほど前まで一流商社に勤務していたが、トラブルの責任を上司に押し付けられて嫌気がさして退職。妻にも離婚され、本人のいうとおり、人生に絶望していたようだった。　

　まもなく遺体確認のため、池辺の妻で元女優の冴子（雛形あきこ）が顧問弁護士の森谷（佐戸井けん太）を伴って下田までやって来た。死んだ池辺と冴子の間には子どもはおらず、池辺が遺言書を残していなければ200億にものぼる彼の財産はすべて冴子が相続することになる。十津川は新宿駅のホームで冴子を見かけたことを思い出すが、彼女は一人旅に出かける夫が心配でこっそり見送っていただけだと話す。
　ところが、翌日の「特急・踊り子16号」の車内で、探偵の水田征治（浜田学）が背中を刺されて殺害される事件が発生。この現場にも、佐々木が居合わせていたことがわかる。

　さらに、森谷が刺殺される事件が起き、彼のもとに「自分が殺された場合、いちばん怪しいのは森谷だ」と池辺が書いたらしい文書が送りつけられていたことが発覚する。しかし同様の手紙は、冴子や冴子の兄の大学教授・檜垣（井田國彦）、冴子と不倫関係にある副社長の柴田（松永博史）らにも届いており、それぞれが犯人として名指しされていた。
　実は、その手紙を出したのは佐々木だった…！　佐々木は死ぬ間際の池辺から遺書を託されており、そこには「自分は、冴子、檜垣、柴田、森谷の４人のうちの誰かに殺される」「信頼できる人物がいないため、何の面識もないあなたに犯人捜しを頼みたい」「貸金庫に隠した1000万円を使って犯人を捜してくれ」と書かれていたのだ。佐々木は犯人をあぶりだそうと思い、池辺の筆跡をまねて件の手紙を書き、４人に送ったのだった。

　ようやく十津川にその事実を告白した佐々木は、池辺のことを“足長おじさん”とよぶ美女・西条美保（上原美佐）と下田で出会ったことを打ち明ける。彼女もまた、池辺殺しの犯人を捜していたという。十津川らは突如として捜査線上に浮かんできた謎の美女・美保の素性を調べはじめるが…!?"
17,58,"11月3日　よる9：30〜11：36
「西村京太郎トラベルミステリー　山形新幹線・つばさ129号の女！ 」
 ※11月3日はよる9時30分からの放送となります｡","原　作,西村京太郎,脚　本,坂田義和,監　督,村川　透,プロデューサー,高橋浩太郎（テレビ朝日）,河瀬　光（東映）,制　作,テレビ朝日,東映,出演,十津川警部　　高橋英樹,亀井刑事　　　 高田純次,矢代圭子　　　 酒井美紀,松山刑事　　　 宇梶剛士,西本刑事　　　 森本レオ,北条刑事　　　 山村紅葉,藤沢静江　　　 筒井真理子,藤沢時彦　　　 神保悟志,木下直也　　　 渋江譲二,倉田　功　　　　倉田てつを,ほか","　警視庁捜査一課の十津川警部（高橋英樹）と亀井刑事（高田純次）たちは、今注目の新人歌手・蘭カオル（芹澤みづき）が殺害された事件を捜査していた。蘭カオルの父・柴田秀夫（螢雪次朗）をはじめ、彼女と親交のあった誰もが被害者は恨みを買うような人柄ではないと口を揃えるが、鈍器で頭部を殴られた後、とどめをさすように黒いロープで首をしめられるという酷い殺され方だった。十津川は犯人がなぜ黒のロープを用いたのかが気になるが、松山刑事（宇梶剛士）が栃木県内にあるロープ工場に足を運んで調べたところ、都内だけで200もの店舗に出荷されており、購入者を突き止めるのは難しかった。
　その捜査からの帰り、松山は東北新幹線の車内で懐かしい人物と出会う。偶然、隣の席に、幼なじみの矢代圭子（酒井美紀）が座っていたのだ。小学生のとき彼女が山形県に引っ越して以来の再会で、圭子は現在、都内の出版社に勤務し、旅行情報誌の編集を担当しているという。２人は思いがけない再会を喜び合う。

　数日後、女優の小池祐子（松本若菜）が仙台市内で死体となって見つかった。頭部を鈍器で殴ったのちに黒いロープで絞殺、という手口が蘭カオルの事件と酷似しており、宮城県警に確認したところ、凶器のロープの材質や色はもちろん、長さまでまったく同じと判明、同一犯による犯行と思われた。犯人は、蘭カオルと小池祐子の２人に恨みを抱く人物なのか…!?　だが、十津川たちが必死に捜査を続けても、２人の接点が見つからない。そして、なぜ小池祐子が仙台まで出かけていったのか、その目的も謎に包まれていた。
　そんな中、山形県内で取材中の圭子から松山に電話が入る。圭子は事件当日の朝、東京駅で女優の小池祐子が“東北新幹線やまびこ129号”に乗車したのを見たという。その際、ホームの物陰から40歳ぐらいの女性が小池祐子のことをにらんでいたのを目撃したと話す。松山たちが調べたところ、その女は小池祐子の所属する事務所社長・藤沢時彦（神保悟志）の妻・静江（筒井真理子）だとわかる。藤沢と小池祐子は以前から男女の関係にあり、静江は浮気の現場を押さえようと思って東京駅で張り込んでいたが、夫が現れなかったため帰宅したと主張。静江は帰宅後、不動産業者と電話でやりとりしており、確固たるアリバイがあった。

　その矢先、歌手の蘭カオルとひそかに交際していた音楽番組ディレクターの倉田功（倉田てつを）が、一方的に別れを告げられ、彼女に恨みを抱いていたことが発覚。倉田は蘭カオルが殺された夜のアリバイはあるが、小池祐子が殺害された日は休みを取っており、アリバイはなかった。同じように、静江にも小池祐子が殺された日のアリバイはあるが、蘭カオルの事件の日の行動は証明できなかった。もしや、この事件は静江と倉田による“交換殺人”ではないか…!?　
　十津川たちは２人の動きを張り込むが、その直後、女子大生の白根愛美（石丸佐知）がまたもや同じ手口で殺されて…!?"
18,59,"1月5日　よる9：00〜11：21
テレビ朝日開局55周年記念 
「西村京太郎トラベルミステリー・終着駅（ターミナル）殺人事件」 
","原　作,西村京太郎,脚　本,坂田義和,監　督,村川　透,プロデューサー,高橋浩太郎（テレビ朝日）,河瀬　光（東映）,制　作,テレビ朝日,東映,出　演,十津川警部　高橋英樹,亀井刑事　　 高田純次,十津川直子　浅野ゆう子,鈴木紀子　　 原 史奈,森下勇介　　 岩城滉一,西本刑事　　 森本レオ,松山刑事　　 宇梶剛士,北条刑事　　 山村紅葉,宮本　孝　　 石垣佑磨,町田隆夫　　 黄川田将也,村上陽子　　 三津谷葉子,橋口まゆみ　小野真弓,ほか","　上野駅近くの公衆トイレで、“経済通商省”の若手官僚・安田章（篠田光亮）の刺殺体が発見された。現場には被害者のスーツケースが残されていたほか、遺体の内ポケットから、21時15分上野発青森行きの“寝台特急あけぼの”のチケットが見つかった。臨場した警視庁捜査一課の十津川警部（高橋英樹）は、思わぬ偶然に驚く。実は、今頃、親戚の法事に向かう妻の直子（浅野ゆう子）が同じ“寝台特急あけぼの”に乗っているはずなのだ。
　まもなく、殺された安田は青森で行われる同級生・片岡清之（一條俊）の結婚式に出席するため、野球部の仲間６人と共に帰郷する予定だったことが判明。友人たちなら、何か事情を知っているかもしれない…。“寝台特急あけぼの”に乗車した５人の後を追って、十津川は青森に赴いた。
　片岡の結婚式に招待されていたのは、死んだ安田のほか、旅行代理店社員の宮本孝（石垣佑磨）、フリーターの町田隆夫（黄川田将也）、運送会社勤務の川島史郎（土屋裕一）という野球部仲間と、当時マネージャーだった女性２人――百貨店に勤める派遣社員・橋口まゆみ（小野真弓）、看護師の村上陽子（三津谷葉子）――という面々だった。だが、川島はどこか途中の駅で降りてしまったのか、“あけぼの”の車内からこつ然と姿を消していた。安田が殺されたと聞いて、衝撃を受ける４人。最もショックを受けていたのは、２年前まで安田と交際していたという陽子だった。

　ところがその直後、なんと川島の死体が群馬・高崎の利根川上流で発見されたという知らせが入る。死因は溺死で、近くの橋から何者かに突き落とされたのではないかと考えられた。その後の調べで、川島は高崎駅で下車したことが発覚。偶然にも、直子が“あけぼの”の車内のデッキで女性をナンパする川島を目撃していたが、高崎駅ではひとりで改札を出たことが確認されている。川島はなぜ高崎で途中下車したのか、まったくの謎だった。
　６人の仲間のうち２人が殺されたという異常事態に、十津川は内部の犯行ではないかとにらみ、川島の体内からクロロフォルムが検出されたことから、薬品の入手が可能な看護師の陽子を疑う。
　
　そんなとき、亀井刑事（高田純次）が遅れて青森にやって来た。亀井は前日、珍しく有給休暇を取っており、捜査に加わるのが遅れたのだ。実は、亀井は故郷・青森で高校の校長職を務める高校時代の友人・森下勇介（岩城滉一）から音信不通の教え子・鈴木紀子（原史奈）の居場所探しを頼まれ、昨日は、上京した森下と共に都内を歩き回っていたのだ。だが、紀子が２年前に都内で傷害事件を起こしていたこと、バーテンダーの西山英司（安藤彰則）が彼女と親しかったことをつかんだだけで、まだ発見には至ってはいなかった…。
　捜査に加入した亀井は、安田と川島の事件は繋がっているとは限らない、それぞれ外部に犯人がいるのではと主張するが、その矢先、また新たな死者が出現して…!?"
19,60,"7月13日
「西村京太郎トラベルミステリー　秩父ＳＬ・3月23日の証言〜大逆転法廷!! 」 ","原　作,西村京太郎,脚　本,坂田義和,監　督,村川　透,プロデューサー,高橋浩太郎（テレビ朝日）,河瀬　光（東映）,制　作,テレビ朝日,東映,出演,十津川警部　 高橋英樹,亀井刑事　　　高田純次,梅木浩三　　　蟹江敬三,戸川雅夫　　　窪塚俊介,村井貴子　　　小沢真珠,篠田理恵　　　秋本祐希,西本刑事　　　森本レオ,松山刑事　　　宇梶剛士,北条刑事　　　山村紅葉,久保田刑事　伴　杏里,ほか","　警視庁捜査一課の十津川警部（高橋英樹）のもとに、元同僚の娘で東京地検検察官の村井貴子（小沢真珠）が訪ねてきた。貴子は、十津川たちが容疑者を送致した殺人事件の担当検事として2週間後の公判で初めて法廷に立つ予定だったが、その事件のことで奇妙な事実が浮上したというのだ。有名な旅行作家・小島俊介（村杉蝉之介）が事件当日、秩父鉄道の“SLパレオエクスプレス”で、容疑者のイラストレーター・戸川雅夫（窪塚俊介）を見かけたとブログ記事に綴っているのが見つかったという。

　それは、十津川たちにとって、あとは裁判を待つだけの、“終わった事件”のはずだった――。2カ月前の3月23日、出版社社長・秋山博之（篠塚勝）が練馬区内の自宅で刺殺された事件で、犯行現場の床から傷害事件の前科を持つ戸川の指紋が検出されたのだ。戸川はギャランティーをめぐって秋山ともめていたばかりか、かつて埼玉県川越市内でローン会社を経営していた秋山のあくどい取り立てのせいで父親が自殺に追い込まれた過去を持っていた。
　現場の金庫から義弟・島崎良治（佐伯新）の借用書と、若い女性数人の裸体写真をおさめたSDカードが出てきたことも気にはなったものの、戸川が取り調べで自供。その中には犯人しか知りえない事実、つまり“秘密の暴露”もあったため逮捕、起訴に至っていた。

　だがもしも事件当日、戸川が本当にパレオエクスプレスに乗っていたら犯行は不可能だ。十津川と亀井刑事（高田純次）は、長期海外旅行から帰国したばかりの小島を訪ねる。小島によると日にちに間違いはなく、3月23日の午前10時、熊谷駅のホームで女性と一緒に写真を撮る戸川を見かけたと証言する。車内で姿は見なかったが、午後2時ごろ、終点の三峰口駅で駅員と話している戸川も目撃したという。連れの女性はつばの広い黒の帽子を被っており、顔は見えなかったというが、三峰口駅の駅員にも確認したところ、戸川は3月23日に「車内で手帳を落とした」と遺失物届出書まで出していたことがわかる。
　十津川たちは、戸川が当初、知り合いの女性に頼んでアリバイ工作を企んだのではないかと推測する。パレオエクスプレスに乗車したと見せかけてすぐに電車を降り、熊谷駅から車で犯行現場に向かい、殺害後にまた三峰口駅に戻ったのではないか…と。だが、取り調べを受けて観念し、女性に偽証罪で迷惑をかけるのも気が引け、翻意して自供したのではないだろうか。
　報告を受けた貴子も、それならつじつまが合うとホッとする。だが、貴子の上司の須崎秀夫検事（吉満涼太）は、人権派として有名な弁護士・梅木浩三（蟹江敬三）が弁護に当たることを懸念、裁判が始まったとたん一転して容疑を否認し、無罪を主張しないとも限らないと釘を刺す。

　ところが第1回公判まであと9日に迫った朝、なんと秋山の妻・裕子（辻沢響江）が刺殺されているのが見つかった…！夫が殺されたときと手口が酷似しており、もしも同一犯の犯行だとすれば、この犯行は戸川には不可能なため、戸川は秋山博之も殺していないことを意味する。事件はさらに深い謎に包まれていくが…!?"
20,61,"3月22日　よる9：00〜11：21
「西村京太郎トラベルミステリー61　越後・会津殺人ルート〜必ず相席する女!?」","原　作,西村京太郎,脚　本,坂田義和,監　督,村川　透,プロデューサー,高橋浩太郎（テレビ朝日）,河瀬　光（東映）,制　作,テレビ朝日,東映,出演,十津川警部　　　　 高橋英樹,亀井刑事　　　　　　高田純次,川合ひろみ　　　　　原 沙知絵,十津川直子　　　 　浅野ゆう子,浦部慶一　　　　　　勝村政信,西本刑事　　　　　　森本レオ,松山刑事　　　　　　宇梶剛士,北条刑事　　　　　　山村紅葉,本多捜査一課長　 矢島健一,仙堂　肇　　　　　　  寺泉　憲,ほか","　久々の休日、警視庁捜査一課の十津川警部（高橋英樹）は、妻の直子（浅野ゆう子）と共に新潟への1泊旅行を楽しむ予定で家を出た。だが、東京駅に着いた直後、殺人事件発生の知らせが入る。なんと被害者の所持品から、十津川の名刺が出てきたというのだ。
　直子を残し、現場に急行した十津川。殺されたのはホステスの原田由紀（杜野まこ）だったが、十津川にはまったく心当たりがない。名刺が見つかった封筒には数枚の電車の切符と宿泊先を記したメモも入っており、彼女はその日から2泊で会津若松と新潟を旅する予定だったことがわかる。メモの筆跡が由紀のものとまったく違うことから、十津川たちは旅行の同伴者が切符とメモを被害者に渡したのではと推理。手がかりを求め、十津川は由紀が乗るはずだった“特急きぬ115号”に単独で乗り込む。
　座席の近くで見張っていたところ、突然、十津川の携帯電話が鳴った。“公衆電話”からの着信で、ボイスチェンジャーを使った甲高い声が「やっぱり“特急きぬ115号”に乗ったんですね」とだけ告げて切れた。いったい誰が何の目的で電話をかけてきたのか…!?　結局、同伴者らしき人物は現れず、十津川は由紀が所持していた切符と同じルートをたどってメモにあった宿泊先の猪苗代のホテルに向かうことに決めた。
　ホテルによると、由紀の名前で予約は入っておらず、その日まだチェックインしていないのは東京在住の田中裕介（菅原卓磨）という男性だけと判明。田中はメモにあった新潟のホテルにも予約を入れていた。やはり、その男が旅行の同伴者なのか…。そんな中、十津川は夕食を取るため立ち寄ったそば店で、旅行客・川合ひろみ（原沙知絵）と知り合う。

　一方、東京で捜査を進めていた亀井刑事（高田純次）は、切符や名刺に由紀の指紋が付着していなかったことから、犯人は十津川を会津若松におびき出すため、わざとそれらを現場に残したのではないかと考えはじめる。すべては犯人が仕掛けた罠ではないか。亀井の胸に、嫌な予感が湧きあがる…。
　その夜、こんどは十津川の携帯電話に「原田由紀さんの事件のことで話したいことがある。午後10時、猪苗代湖の天神浜に来てください」という謎の電話が入った。十津川は天神浜に赴き、遅くまで情報提供者が来るのを待ったが、誰も現れることはなかった。
　翌朝、猪苗代のホテルを出て、新潟に向かった十津川。その電車内でまたもやひろみと出会い、偶然に驚く。ところがその後、天神浜の一角で女性の扼殺死体が見つかり、なんと十津川が福島県警から参考人として事情を聴かれる事態に陥ってしまう…！　実はひろみが前夜、天神浜で十津川を見たと通報し、証拠写真まで提出したのだ。被害者の小坂井恵子（宝積有香）は1年前、交通事故を装った殺人事件で目撃証言を行った女性だったが、死の直前、“十津川の自宅”に電話をかけていたことが判明した上、遺体の手の中から十津川のコートのボタンも見つかったのだ。亀井の悪い予感は、的中してしまった…！　亀井は十津川の嫌疑を晴らすべく、1年前の事件を担当した世田谷南署の刑事・浦部慶一（勝村政信）を呼んで改めて話を聞くが…!?"
21,62,"7月12日　よる9：00〜11：21
「西村京太郎トラベルミステリー62　寝台特急カシオペア＆スーパーひたち連続殺人」","原　作,西村京太郎,脚　本,坂田義和,監　督,村川　透,プロデューサー,高橋浩太郎（テレビ朝日）,河瀬　光（東映）,制　作,テレビ朝日,東映,出演,十津川警部　　　 高橋英樹,亀井刑事　　　　　高田純次,福沢美登里　　　 原田夏希,十津川直子　　　 浅野ゆう子,小野木由美　　　  いしのようこ,山本　功　　　　　 松村雄基,土橋かおる　　　  原　幹恵,西本刑事　　　　 森本レオ,松山刑事　　　　 宇梶剛士,北条刑事　　　　 山村紅葉,近藤文博　　　　 冨家規政,矢野　豊　　　　　北山雅康,川村活人　　　　 載寧龍二,福沢明夫　　　　 池内万作,ほか","　朝9時25分、上野駅に到着した“寝台特急カシオペア”の車内で、アパレルメーカー社長・小野木由美（いしのようこ）の刺殺死体が見つかった。捜査を開始した警視庁捜査一課の十津川警部（高橋英樹）らが副社長の矢野豊（北山雅康）に聴取したところ、由美は仕事のかたわら、2週間前に行われた保険金殺人事件の裁判を傍聴するため札幌を訪れており、その日、帰京することになっていたという。
　その裁判とは、元クラブママの被告・福沢美登里（原田夏希）が山岳写真家の夫・明夫（池内万作）に１億円の生命保険金をかけて殺害した容疑に問われていたもので、明夫は由美の異母弟だったという。被告の美登里はマスコミから散々“悪女”と報じられていたが、起訴後に被告のアリバイを証言する目撃者が現われ、今回の一審で無罪を勝ち取っていた。由美はずっと美登里の無実を信じ続けており、無罪判決を喜んでいたらしい。
　調べると、由美は50億円を下らないほどの遺産を遺しており、まず十津川らは彼女の唯一の肉親である姪・土橋かおる（原幹恵）を疑う。だが、タレントとして活動中のかおるは事件当夜、恋人の川村活人（載寧龍二）と遊んでいたと証言する。また、十津川たちは2年前に由美と離婚した元夫・山本功（松村雄基）にも話を聴くが、由美が殺害された日、彼は朝9時に上野駅を出発する“スーパーひたち11号”に乗って水戸に行ったと話す。亀井刑事は、由美の死体が見つかった“寝台特急カシオペア”が上野駅に着く直前、同じ上野から出発した“スーパーひたち11号”に乗っていたという山本の行動が、どうしても引っかかる…。

　1週間後、衝撃の事件が起きた。上野駅を出発して10分後、“スーパーひたち11号”の車内から、矢野の刺殺体が発見されたのだ。由美に続き、副社長まで殺されたのは偶然とは思えない…。刑事たちは再びかおるを訪ねるが、その日はロケで静岡県に滞在していたとアリバイを主張する。続いて山本を直撃すると、彼はその日なんと“寝台特急カシオペア”に乗っていたと証言する。1週間前、由美の死体が“カシオペア”で見つかったとき“スーパーひたち”に乗っていて、こんどは“スーパーひたち”で矢野が殺されたとき“カシオペア”に乗っていた…。1週間前の事件とは“真逆”をいく山本の怪しい動きに十津川たちは不審を抱くが、結果として犯行は無理であるため、山本を容疑者から外さざるを得なかった。
　そんな中、由美の顧問弁護士・近藤文博（冨家規政）によって彼女の遺言が公開された。遺言書には、50億円の遺産のうち、かおるには5億円ほどの不動産を、山本には現金3000万円を渡し、それ以外はすべて弟の妻だった美登里に遺贈すると記されていた。他人である美登里に45億円もの遺産を遺すとは、いったいどういうことなのか…!?　由美と美登里の関係に疑惑を持った十津川たちは美登里を調べはじめるが、直後、彼女が爆発に巻き込まれそうになる事件が発生…！　美登里に会った十津川は、彼女が世間のイメージとは違って悪女ではないことを直感。何者かに美登里が命を狙われている可能性を考え、妻・直子（浅野ゆう子）のいる自宅にかくまうことにするが…!?"
22,63,"1月10日
「西村京太郎トラベルミステリー　長野新幹線〜飯山線　湯けむり殺人ルート！」","原　作,西村京太郎,脚　本,森宮　栄,監　督,村川　透,プロデューサー,高橋浩太郎（テレビ朝日）,河瀬　光（東映）,制　作,テレビ朝日,東映,出演,十津川警部　　　　高橋英樹,亀井刑事　　　　　 高田純次,小堀美奈子　　　　青山倫子,椿　美雪　　　　　　高部あい,青木　徹　　　　　　半田健人,武田　梢　　　　　　大路恵美,西本刑事　　　　　 森本レオ,松山刑事　　　　　 宇梶剛士,北条刑事　　　　　 山村紅葉,松浦ゆかり　　　　 丸高愛実,武田　勇　　　　　　比留間由哲,ほか","　警視庁捜査一課の亀井刑事（高田純次）は珍しく2日間の休暇を取り、長野・野沢温泉までひとり旅に出かけた。途中、事件が起きていないかと一課に電話を入れてきた亀井に、十津川警部（高橋英樹）らは「ゆっくり休暇を楽しんできてくれ」と笑って返す。
　温泉を堪能した翌日、宿を出ようとした亀井は、都内でモデル事務所を営む武田勇（比留間由哲）と知り合い、最寄りの“戸狩野沢温泉駅”までのタクシーに同乗させてもらう。武田は十日町市内で開催される着物ショーに人気モデル・松浦ゆかり（丸高愛実）を派遣するついでに、ゆかりとマネージャーの青木徹（半田健人）と共に野沢温泉に立ち寄ったという。武田とゆかりの間に、親密な雰囲気を感じ取る亀井…。

　ところが翌朝、出勤した亀井は、長野県警から野沢温泉でゆかりの死体が発見されたという知らせを受けて驚く。昨日午前11時21分、亀井は武田と共に、戸狩野沢温泉駅で十日町に向けて“飯山線”に乗り込むゆかりと青木を見送ったからだ。その後、亀井は武田と反対方面の飯山線に乗って長野駅で降車。善光寺近くのそば店に入り、午後3時30分長野発東京行きの“長野新幹線あさま534号”に一緒に乗り込んだのだ。だが、武田が車内から青木に電話をかけたところ、ゆかりがショーを前に姿を消したと聞かされ、彼はあわてて上田駅であさま534号を降りたのだった。ゆかりは十日町に行ったはずなのに、なぜ野沢温泉で殺されたのか…!?　亀井は首を傾げる。

　武田のモデル事務所を訪ねたところ、対応に現れたのは副社長の小堀美奈子（青山倫子）だった。美奈子は、武田と昨夕から連絡が取れずに困惑していた。美奈子によると、昨日は武田から午後3時45分に上田駅にいると言って電話が入り、「十日町の方はうまくいっている」と話していたという。美奈子がゆかりの失踪を知ったのは、午後5時5分に入った青木からの電話だといい、連絡を受けて美奈子は、すぐさま代役のモデルを派遣する手配を済ませ、午後5時17分、武田にその旨、電話で報告したと話す。それが武田との最後の電話だったという。
　しかし、昨日、武田が亀井と別れて上田駅であさま534号を午後3時41分に下車したことは間違いない。武田はその際、すでにゆかりが行方不明であることを口にしていた。武田が亀井に嘘をついたのか…!?　それとも青木が嘘をついているのか…!?　それはいったい何のためなのか…!?
　疑念がわき上がる中、長野県警の要請で現地に向かった亀井たちは、現場近くから武田が身に着けていたバッジを発見する。実は、武田には、心臓病で長期入院中の妻・梢（大路恵美）がおり、武田は不倫相手のゆかりともめた末に彼女を殺害し、行方をくらましたのではないかと考えられた。十津川たちは念のため、ゆかりがかつて交際していた写真家・土田貢（羽室満）やプロ野球選手・伊東進太郎（渋江譲二）らを探るが、亀井は旅先でゆかりを尾行していた謎のサングラスの女（高部あい）が気になっていた…。だがその矢先、新たな事件が起き、謎はさらに深まっていき…!?"
23,64,"8月15日
「西村京太郎トラベルミステリー64 仙台・青葉の殺意」","原　作,西村京太郎,脚　本,谷口純一郎,音　楽,甲斐正人,監　督,村川 透,プロデューサー,高橋浩太郎（テレビ朝日）,河瀬 光（東映）,制　作,テレビ朝日,東映,出演,十津川警部　　 高橋英樹,亀井刑事　　　　高田純次,田中啓子　　　　とよた真帆,田中伸彦　　　　田中 健,中島圭介　　　　大浦龍宇一,江口ゆき　　　　遊井亮子,川西邦男　　　　佐戸井けん太,山岸 彩　　　　　朝倉あき,西本刑事　　　　森本レオ,松山刑事　　　　宇梶剛士,北条刑事　　　　山村紅葉,木村警部補　　 春田純一,高見 明　　　　　湯江健幸,ほか","　警視庁捜査一課の十津川警部（高橋英樹）のもとに、不可解な手紙が舞い込んだ。差出人は宮城県仙台市の秋保グランドホテル女将・田中啓子（とよた真帆）で、亡くなった夫の伸彦（田中健）の葬儀に出席してほしいという内容だった。だが、十津川は田中伸彦、啓子という夫妻の名にまったく覚えがなかった…。
　気になった十津川は翌日休暇を取って仙台に赴き、手紙の送り主である啓子と対面する。啓子によると、十津川の葬儀参列は夫・伸彦の遺言だったという。伸彦は3日前、ビルから転落死したのだが、宮城県警の捜査員により病気を苦に自殺したものと断定されていた。
　さらに啓子は亡夫から渡してほしいと託されたという、1冊の手帳を十津川に手渡す。開いてみると、その黒革の手帳には2015年1月1日から死の当日である5月31日までの記録が、伸彦の手によって詳細に記入されていた。見舞客の名が几帳面に記されている中、ひとりだけ“AK”というイニシャルで書かれている人物がいることが、十津川は気になった。しかし、帰京の途に就いた十津川が東北新幹線内で発作を起こした女性を助けている隙に、手帳が何者かに盗まれてしまった…！
　
　ところが、さらに奇妙な事態が起きる。その夜、都内の公園で私立探偵・高見明(湯江健幸）の死体が見つかり、なんとポケットから件の手帳の1ページが発見されたのだ。なぜ高見が手帳を持っていたのか!?　また、高見は絶命する間際、「ア、オ、バ」という謎の言葉を口にしていたとわかる。
　その後、亀井刑事と共に高見の部屋を訪れた十津川は驚く。高見の同棲相手・江口ゆき（遊井亮子）は先日、東北新幹線内で発作を起こした女性だったのだ。高見が手帳を奪うため、ゆきが十津川の気をそらす芝居を打ったに違いなかった。しかも直後、高見とゆきが暮らしていたアパートが何者かに放火されてしまう。
　犯人は高見に手帳を奪うよう指示して彼を殺害した後、放火までして手帳の存在を消し去ろうとしたのではないか…。ということは、すべての謎は伸彦が残した手帳に隠されているのではないか…。そう考えた十津川たちは、ゆきから再び入手した手帳をもとに、捜査を開始。十津川は、見舞客として最も多く名が手帳に記されていた宮城県会議員の川西邦男（佐戸井けん太）を訪ねる。伸彦は生前、川西の後援会長を務めており、2人は長年の友人だったという。高見が殺された時刻、川西は東北新幹線で東京に向かっており、上京後は建設会社社長・中島圭介（大浦龍宇一）と会食したとアリバイを話す。
　だがその矢先、また新たな殺人が発生、事件はますます混迷の度合いを深めていくことに…。はたして、黒革の手帳に隠された真相とは…!?　そして謎のイニシャル“AK”、ダイイングメッセージ“アオバ”に秘められた真実とは…!?"
24,65,"2月6日
「西村京太郎トラベルミステリー65 伊豆海岸殺人ルート」
","原　作,西村京太郎,脚　本,徳永友一,立花あずま,音　楽,甲斐正人,監　督,村川　透,プロデューサー,高橋浩太郎（テレビ朝日）,河瀬　光（東映）,制　作,テレビ朝日,東映,出演,十津川警部　　 高橋英樹,亀井刑事　　　　高田純次,吉沢冴子　　　　櫻井淳子,水野久明　　　　東　幹久,間宮和恵　　　　秋本奈緒美,小田悠介　　　　細田善彦,西本刑事　　　　森本レオ,松山刑事　　　　宇梶剛士,北条刑事　　　　山村紅葉,藤島圭子　　　　宮本真希,ほか","　フリーカメラマンの萩原礼子（宮下ともみ）の撲殺死体が都内の自宅マンションで見つかった。部屋はひどく荒らされており、臨場した警視庁捜査一課の十津川警部（高橋英樹）や亀井刑事（高田純次）は、犯人が必死に何かを探していたことを直感する。
　まもなく、礼子の元助手で交際相手でもあった小田悠介（細田善彦）が犯行時刻、マンションから出ていくところを近隣住民に目撃されていたことが発覚。現場から多数の指紋も検出され、十津川たちは小田の逮捕に踏み切った。
　小田は、「弁護士が来るまで何もしゃべらない」と黙秘。だが、弁護士・間宮和恵（秋本奈緒美）と接見した後、急に「真犯人を目撃した」と言い出し、十津川らを驚かせる。小田は事件の夜、カメラマンの水野久明（東幹久）が凄い形相で礼子のマンションの階段を下りてくる姿を見たと証言。水野は、小田や礼子にとって師匠ともいえる存在だったため、遠慮して言い出すことができなかったとも話す。
　突然、態度を変えた小田にいぶかしみながらも、十津川らは水野が住むアパートを訪ねる。しかし、室内は礼子の部屋同様、ひどく荒らされており、水野本人は2日前から行方不明だとわかる。アパートの大家によると、前夜、見かけない男が来て水野の部屋をノックしていたという。その男が水野の部屋に侵入し、室内を荒らしたのだろうか…!?　
　調べると、水野はかつて業界では有名なカメラマンだったが、2年前に突如引退。時を同じくして妻の冴子（櫻井淳子）とも離婚したことが判明する。

　そんな中、水野と思しき人物が、西伊豆の堂ヶ島で生放送のテレビ番組に映っていたと静岡県警から連絡が入る。十津川と亀井はすぐに堂ヶ島に向かうが、ひと足早く水野は宿泊先のホテルをチェックアウトし、再び行方がわからなくなっていた。ホテルの従業員に聞くと、前夜、水野は“イムラ”とよぶ男とロビーで言い争っており、激しく言いあう2人からは「あの写真…」という言葉が聞こえたという。
　また、十津川らは水野の別れた妻・冴子が、近くの“だるま山高原レストハウス”で働いているという情報をつかむ。冴子は水野とは離婚以来、連絡を取っていないと言い、別れた夫を強く憎んでいる様子だった。

　その矢先、堂ヶ島で男の不審死体が発見される。なんと、被害者は前夜、水野ともめていた男、商社マンの井村泰（石田佳央）だった。さらに、都内でホステス・木下亜矢（早瀬英里奈）が殺害される事件が発生。彼女は死の直前、井村と頻繁に連絡を取っており、彼女の携帯電話にはなぜか冴子を隠し撮りした写真が残されていた…。
　十津川は一連の事件はすべて繋がっているものとにらむが、小田は井村も亜矢も知らない人物だと主張。いったいこれらの事件の接点はどこにあるのか…。事件の全容がつかめず、十津川らの捜査も混迷を極めるが…!?　はたして、連続殺人事件の真実は…!?　そして、事件の鍵を握る「あの写真」とは…!?"
